label,text
ham,Hey are we meeting today
ham,Can you call me when you reach home
ham,Please send me the project report
ham,Lunch is ready come home
ham,Are you coming to college tomorrow
ham,Your appointment is scheduled for tomorrow
ham,Thanks for your help
ham,Please call me after class
spam,Congratulations you have won a free prize
spam,You have won a free lottery ticket
spam,Claim your free cash reward now
spam,You are selected for a 1000 cash prize
spam,Win a brand new phone by clicking this link
spam,Limited offer claim your free reward
spam,URGENT you have won a cash prize
spam,Get rich fast with this amazing offer
spam,Claim your exclusive free gift now
spam,You won a lucky draw congratulations
spam,Act now to receive your bonus cash
